<?xml version="1.0" encoding="utf-8"?>
<SystemProperties>
  <SystemName>6700-138008</SystemName>
  <SerialNo>6700-138008</SerialNo>
  <UsedMedia>
    <Media path="RobotWare_6.15.7032" name="RobotWare" version="6.15.7032">
    </Media>
    <Media path="FlexPendantSxTPU4Software_1.5.100.0" name="FlexPendantSxTPU4Software" version="1.5.100.0">
    </Media>
  </UsedMedia>
  <ControlModule>
    <Option descr="RobotWare Base">
    </Option>
    <Option descr="888-2 PROFINET Controller/Device">
    </Option>
    <Option descr="608-1 World Zones">
    </Option>
    <Option descr="611-1 Path Recovery">
    </Option>
    <Option descr="613-1 Collision Detection">
    </Option>
    <Option descr="616-1 PC Interface">
    </Option>
    <Option descr="617-1 FlexPendant Interface">
    </Option>
    <Option descr="623-1 Multitasking">
    </Option>
    <Option descr="996-1 Safety Module">
    </Option>
    <Option descr="1125-1 SafeMove Basic">
    </Option>
  </ControlModule>
  <DriveModule>
    <Name>Robot1</Name>
    <Option descr="Motor Commutation">
    </Option>
    <Option descr="Service Info System">
    </Option>
    <Option descr="Pendelum Calibration">
    </Option>
    <Option descr="Drive System IRB 460/640/660/760/4600/66xx/6700">
    </Option>
    <Option descr="IRB 6700-235/2.65">
    </Option>
    <Option descr="Axis Calibration">
    </Option>
  </DriveModule>
  <AdditionalOption>
    <Name>FlexPendantSxTPU4Software</Name>
    <Option descr="FlexPendant SxTPU4 Software">
    </Option>
  </AdditionalOption>
</SystemProperties>