<?xml version='1.0' encoding='UTF-8'?>
<system creation-date="2024-09-26 12:48:09" desc="6700-138008" enable="False" id="934bad9f-3e01-4a7c-9152-1322fc579a31" last-modified-date="" name="6700-138008"><applications><application name="RobotWare" version="6.15.7032"><settings><setting-file path="/hd0a/6700-138008/INTERNAL/controller.rsf" /><system-xml path="/hd0a/6700-138008/system.xml" /><key-id path="/hd0a/6700-138008/INTERNAL/key.id" /></settings></application><application name="FlexPendantSxTPU4Software" version="1.5.100.0"><settings><setting-file path="/hd0a/6700-138008/INTERNAL/controller.rsf" /><system-xml path="/hd0a/6700-138008/system.xml" /><key-id path="/hd0a/6700-138008/INTERNAL/key.id" /></settings></application></applications></system>