﻿<?xml version="1.0" encoding="utf-8"?>
<CollisionAvoidance version="1.0" xmlns="urn:abb-robotics-collisionavoidance">
  <Object name="VISION" type="Part" safetyDistance="0.1">
    <Geometry file="VISION.xml" />
  </Object>
  <Object name="TABLE" type="Part">
    <Geometry file="TABLE.xml" />
  </Object>
  <Object name="PREHENSEUR_AIMANT" type="Part" activationSignal="EV_50">
    <Geometry file="PREHENSEUR_AIMANT.xml" />
    <HomePose t="0.263915 -0.457116 2.145456" quat="0.365993 0.453156 0.784888 -0.211306" />
    <Attachment mechUnit="ROB_1" frameNumber="6">
      <Offset t="0 0 0" quat="0.707107 0 0.707107 0" />
    </Attachment>
  </Object>
  <Object name="PREHENSEUR_PINCE" type="Part" activationSignal="EV_51">
    <Geometry file="PREHENSEUR_PINCE.xml" />
    <Attachment mechUnit="ROB_1" frameNumber="6">
      <Offset t="0 0 0" quat="0.707107 0 0.707107 0" />
    </Attachment>
  </Object>
  <Object name="CAMERA" type="Part" safetyDistance="0.1" activationSignal="EV_52">
    <Geometry file="CAMERA.xml" />
    <Attachment mechUnit="ROB_1" frameNumber="6">
      <Offset t="0 0 0" quat="0.707107 0 0.707107 0" />
    </Attachment>
  </Object>
</CollisionAvoidance>