﻿<?xml version="1.0" encoding="utf-8"?>
<CollisionModel version="1.0" xmlns="urn:abb-robotics-collisionmodel">
  <!-- Max outside tolerance = 0.005 -->
  <!-- Max inside tolerance  = 0.0005 -->
  <ConvexHull>
    <!-- num vertices: 40 -->
    <!-- num faces:    76 -->
    <!-- max valence:  9 -->
    <!-- lower corner: -0.186304 -0.237314 -0.057474 -->
    <!-- upper corner: 0.375234 0.242 0.34374 -->
    <Vertex position="0.337082 0.006731 -0.057474" neighbors="13 3 6 1 10 2" />
    <Vertex position="0.345209 -0.014476 -0.054798" neighbors="26 29 16 15 6 0 2 4 5" />
    <Vertex position="0.297602 -0.0175 -0.052932" neighbors="15 9 1 10 0" />
    <Vertex position="0.328054 0.092138 -0.043201" neighbors="6 12 13 0 11" />
    <Vertex position="0.358121 0.0175 -0.038034" neighbors="1 6 8 7 5" />
    <Vertex position="0.358353 -0.0175 -0.037616" neighbors="7 29 1 4" />
    <Vertex position="0.355553 0.092274 -0.028853" neighbors="12 24 3 8 0 1 4" />
    <Vertex position="0.375234 -0.014893 -0.014275" neighbors="8 18 29 4 5" />
    <Vertex position="0.372212 0.092687 -0.002035" neighbors="18 17 24 7 6 4" />
    <Vertex position="-0.146546 -0.094123 0" neighbors="19 15 10 2" />
    <Vertex position="-0.1625 0.025 0" neighbors="9 19 0 13 28 2" />
    <Vertex position="0.01 0.17 0" neighbors="3 13 12 14 22" />
    <Vertex position="0.087 0.17 0" neighbors="24 23 22 6 3 11" />
    <Vertex position="-0.163464 0.147524 0.000111" neighbors="25 30 14 0 3 10 11 28" />
    <Vertex position="-0.120368 0.165469 0.011741" neighbors="25 22 13 11" />
    <Vertex position="-0.145842 -0.146096 0.023399" neighbors="27 26 16 1 9 19 28 2" />
    <Vertex position="-0.013215 -0.146322 0.023589" neighbors="26 15 1" />
    <Vertex position="0.370674 0.091173 0.032084" neighbors="18 8 24 39 20" />
    <Vertex position="0.373879 -0.016625 0.034435" neighbors="29 36 17 8 7 20 21" />
    <Vertex position="-0.162 -0.126513 0.041036" neighbors="9 15 10 28" />
    <Vertex position="0.365775 0.007576 0.05331" neighbors="39 36 17 18 21" />
    <Vertex position="0.359316 -0.0175 0.059874" neighbors="20 36 18" />
    <Vertex position="-0.037512 0.237152 0.133393" neighbors="23 12 25 14 32 33 11" />
    <Vertex position="0.038428 0.237174 0.13408" neighbors="12 24 22 33" />
    <Vertex position="0.114263 0.23487 0.168685" neighbors="12 23 17 39 8 6 33 34" />
    <Vertex position="-0.114278 0.234873 0.168708" neighbors="30 38 13 14 22 32 35" />
    <Vertex position="0.110046 -0.236981 0.169265" neighbors="29 1 36 15 27 16" />
    <Vertex position="-0.109194 -0.237 0.169965" neighbors="15 26 37 31 36 28" />
    <Vertex position="-0.18361 -0.210679 0.175056" neighbors="27 31 15 19 13 10 30" />
    <Vertex position="0.186192 -0.209852 0.177747" neighbors="26 1 18 36 7 5" />
    <Vertex position="-0.186304 0.190301 0.184285" neighbors="31 38 25 13 28" />
    <Vertex position="-0.183 -0.213628 0.18924" neighbors="38 37 30 27 28" />
    <Vertex position="-0.0545 0.242 0.19724" neighbors="22 25 33 35 34" />
    <Vertex position="0.0545 0.242 0.19724" neighbors="24 23 22 32 34" />
    <Vertex position="0.0545 0.242 0.30624" neighbors="24 33 39 32 35" />
    <Vertex position="-0.0545 0.242 0.30624" neighbors="38 39 32 25 34" />
    <Vertex position="0.08 -0.237314 0.34374" neighbors="38 39 37 18 29 26 27 20 21" />
    <Vertex position="-0.08 -0.237002 0.34374" neighbors="36 38 31 27" />
    <Vertex position="-0.08 0.23696 0.34374" neighbors="39 36 37 31 30 25 35" />
    <Vertex position="0.08 0.237027 0.34374" neighbors="38 36 24 17 20 35 34" />
    <Face vertices="39 38 36" />
    <Face vertices="37 36 38" />
    <Face vertices="37 38 31" />
    <Face vertices="30 31 38" />
    <Face vertices="29 26 1" />
    <Face vertices="29 18 36" />
    <Face vertices="29 36 26" />
    <Face vertices="25 30 38" />
    <Face vertices="25 13 30" />
    <Face vertices="24 12 23" />
    <Face vertices="27 15 26" />
    <Face vertices="27 37 31" />
    <Face vertices="27 26 36" />
    <Face vertices="27 36 37" />
    <Face vertices="17 18 8" />
    <Face vertices="17 24 39" />
    <Face vertices="17 8 24" />
    <Face vertices="7 8 18" />
    <Face vertices="7 18 29" />
    <Face vertices="16 26 15" />
    <Face vertices="16 1 26" />
    <Face vertices="16 15 1" />
    <Face vertices="22 23 12" />
    <Face vertices="6 12 24" />
    <Face vertices="6 3 12" />
    <Face vertices="6 24 8" />
    <Face vertices="19 9 15" />
    <Face vertices="20 39 36" />
    <Face vertices="20 17 39" />
    <Face vertices="20 18 17" />
    <Face vertices="10 9 19" />
    <Face vertices="14 25 22" />
    <Face vertices="14 13 25" />
    <Face vertices="0 13 3" />
    <Face vertices="0 6 1" />
    <Face vertices="0 3 6" />
    <Face vertices="0 10 13" />
    <Face vertices="32 22 25" />
    <Face vertices="33 24 23" />
    <Face vertices="33 22 32" />
    <Face vertices="33 23 22" />
    <Face vertices="11 3 13" />
    <Face vertices="11 12 3" />
    <Face vertices="11 14 22" />
    <Face vertices="11 22 12" />
    <Face vertices="11 13 14" />
    <Face vertices="28 27 31" />
    <Face vertices="28 15 27" />
    <Face vertices="28 19 15" />
    <Face vertices="28 13 10" />
    <Face vertices="28 30 13" />
    <Face vertices="28 31 30" />
    <Face vertices="28 10 19" />
    <Face vertices="21 20 36" />
    <Face vertices="21 18 20" />
    <Face vertices="21 36 18" />
    <Face vertices="35 38 39" />
    <Face vertices="35 32 25" />
    <Face vertices="35 25 38" />
    <Face vertices="34 24 33" />
    <Face vertices="34 39 24" />
    <Face vertices="34 32 35" />
    <Face vertices="34 33 32" />
    <Face vertices="34 35 39" />
    <Face vertices="2 15 9" />
    <Face vertices="2 1 15" />
    <Face vertices="2 10 0" />
    <Face vertices="2 9 10" />
    <Face vertices="2 0 1" />
    <Face vertices="4 1 6" />
    <Face vertices="4 6 8" />
    <Face vertices="4 8 7" />
    <Face vertices="5 7 29" />
    <Face vertices="5 29 1" />
    <Face vertices="5 4 7" />
    <Face vertices="5 1 4" />
  </ConvexHull>
</CollisionModel>