﻿<?xml version="1.0" encoding="utf-8"?>
<CollisionModel version="1.0" xmlns="urn:abb-robotics-collisionmodel">
  <!-- Max outside tolerance = 0.005 -->
  <!-- Max inside tolerance  = 0.0005 -->
  <ConvexHull>
    <!-- num vertices: 43 -->
    <!-- num faces:    82 -->
    <!-- max valence:  11 -->
    <!-- lower corner: -0.186706 -0.20099 -0.057563 -->
    <!-- upper corner: 0.374706 0.20103 0.38628 -->
    <Vertex position="0.337849 0.006142 -0.057563" neighbors="3 9 4 1 5 2" />
    <Vertex position="0.344297 -0.015586 -0.053916" neighbors="23 17 6 5 0 2" />
    <Vertex position="0.297602 -0.0175 -0.052932" neighbors="0 1 16 10 17 11 9" />
    <Vertex position="0.330671 0.086036 -0.044385" neighbors="0 9 4 13 12" />
    <Vertex position="0.339434 0.093427 -0.039988" neighbors="0 3 13 7 5" />
    <Vertex position="0.363731 0.0175 -0.032936" neighbors="1 0 6 8 14 7 4" />
    <Vertex position="0.362931 -0.017912 -0.032756" neighbors="1 23 8 5" />
    <Vertex position="0.363095 0.092525 -0.019334" neighbors="26 13 14 4 5" />
    <Vertex position="0.374405 -0.016436 -0.008849" neighbors="23 6 37 20 14 5" />
    <Vertex position="-0.1625 0.147343 0" neighbors="30 29 0 3 11 12 15 2 28 19 25" />
    <Vertex position="-0.14654 -0.094169 0" neighbors="21 16 11 2" />
    <Vertex position="-0.1625 0.025 0" neighbors="10 21 29 9 2" />
    <Vertex position="0.01 0.17 0" neighbors="3 9 13 26 27 15 25" />
    <Vertex position="0.087 0.17 0" neighbors="7 26 3 4 12" />
    <Vertex position="0.37189 0.092845 0.002194" neighbors="7 26 31 38 18 20 8 5" />
    <Vertex position="-0.119563 0.165924 0.011953" neighbors="9 12 25" />
    <Vertex position="-0.145473 -0.146105 0.023475" neighbors="24 23 17 21 10 2" />
    <Vertex position="-0.013699 -0.146635 0.023771" neighbors="23 16 1 2" />
    <Vertex position="0.368773 0.092521 0.031129" neighbors="38 14 20 22" />
    <Vertex position="-0.166 0.14675 0.037" neighbors="28 9 30" />
    <Vertex position="0.374706 -0.016321 0.039163" neighbors="37 33 8 14 18 22" />
    <Vertex position="-0.161985 -0.131172 0.042298" neighbors="24 29 16 10 11" />
    <Vertex position="0.366684 0.014119 0.04928" neighbors="38 33 20 18" />
    <Vertex position="0.118187 -0.193276 0.1233" neighbors="16 24 17 36 37 1 6 8" />
    <Vertex position="-0.119384 -0.193331 0.125543" neighbors="16 23 32 29 36 21" />
    <Vertex position="-0.118052 0.19254 0.126128" neighbors="12 15 27 9 28" />
    <Vertex position="0.118335 0.192969 0.126454" neighbors="7 13 27 31 14 12" />
    <Vertex position="-0.116 0.193476 0.130594" neighbors="26 31 35 12 28 25" />
    <Vertex position="-0.119857 0.192073 0.130654" neighbors="35 27 30 19 9 25" />
    <Vertex position="-0.186706 -0.09394 0.132096" neighbors="9 30 32 24 21 11" />
    <Vertex position="-0.185719 0.127208 0.135531" neighbors="9 29 32 34 35 28 19" />
    <Vertex position="0.10355 0.20103 0.357385" neighbors="27 26 38 42 35 14" />
    <Vertex position="-0.1219 -0.187321 0.35774" neighbors="29 30 34 24 41 36" />
    <Vertex position="0.1221 -0.187321 0.35774" neighbors="20 37 39 38 22" />
    <Vertex position="-0.1219 0.187321 0.35774" neighbors="32 30 42 41 35" />
    <Vertex position="-0.10823 0.200991 0.35774" neighbors="42 31 34 27 30 28" />
    <Vertex position="-0.108231 -0.20099 0.35774" neighbors="23 37 24 32 41" />
    <Vertex position="0.108431 -0.20099 0.35774" neighbors="20 33 23 36 41 39 8" />
    <Vertex position="0.121861 0.193497 0.358042" neighbors="31 42 33 39 14 18 40 22" />
    <Vertex position="0.03 -0.12708 0.38284" neighbors="42 41 33 38 37 40" />
    <Vertex position="0.03 0.091669 0.38284" neighbors="39 38 42" />
    <Vertex position="-0.03 -0.127261 0.38284" neighbors="42 34 32 37 36 39" />
    <Vertex position="-0.017405 0.118262 0.38628" neighbors="41 34 31 38 35 39 40" />
    <Face vertices="30 9 29" />
    <Face vertices="30 29 32" />
    <Face vertices="30 32 34" />
    <Face vertices="24 16 23" />
    <Face vertices="24 32 29" />
    <Face vertices="41 42 34" />
    <Face vertices="41 34 32" />
    <Face vertices="3 0 9" />
    <Face vertices="26 7 13" />
    <Face vertices="26 27 31" />
    <Face vertices="17 23 16" />
    <Face vertices="38 31 42" />
    <Face vertices="37 20 33" />
    <Face vertices="36 23 37" />
    <Face vertices="36 24 23" />
    <Face vertices="36 32 24" />
    <Face vertices="36 37 41" />
    <Face vertices="36 41 32" />
    <Face vertices="35 42 31" />
    <Face vertices="35 34 42" />
    <Face vertices="35 31 27" />
    <Face vertices="35 30 34" />
    <Face vertices="1 23 17" />
    <Face vertices="1 6 23" />
    <Face vertices="39 42 41" />
    <Face vertices="39 33 38" />
    <Face vertices="39 37 33" />
    <Face vertices="39 41 37" />
    <Face vertices="21 24 29" />
    <Face vertices="21 16 24" />
    <Face vertices="21 10 16" />
    <Face vertices="8 23 6" />
    <Face vertices="8 37 23" />
    <Face vertices="8 20 37" />
    <Face vertices="11 10 21" />
    <Face vertices="11 21 29" />
    <Face vertices="11 29 9" />
    <Face vertices="14 7 26" />
    <Face vertices="14 26 31" />
    <Face vertices="14 38 18" />
    <Face vertices="14 31 38" />
    <Face vertices="14 20 8" />
    <Face vertices="14 18 20" />
    <Face vertices="4 0 3" />
    <Face vertices="4 3 13" />
    <Face vertices="4 13 7" />
    <Face vertices="40 39 38" />
    <Face vertices="40 42 39" />
    <Face vertices="40 38 42" />
    <Face vertices="12 3 9" />
    <Face vertices="12 13 3" />
    <Face vertices="12 26 13" />
    <Face vertices="12 27 26" />
    <Face vertices="12 9 15" />
    <Face vertices="5 1 0" />
    <Face vertices="5 6 1" />
    <Face vertices="5 8 6" />
    <Face vertices="5 14 8" />
    <Face vertices="5 7 14" />
    <Face vertices="5 4 7" />
    <Face vertices="5 0 4" />
    <Face vertices="2 0 1" />
    <Face vertices="2 16 10" />
    <Face vertices="2 1 17" />
    <Face vertices="2 17 16" />
    <Face vertices="2 10 11" />
    <Face vertices="2 11 9" />
    <Face vertices="2 9 0" />
    <Face vertices="22 38 33" />
    <Face vertices="22 33 20" />
    <Face vertices="22 18 38" />
    <Face vertices="22 20 18" />
    <Face vertices="28 35 27" />
    <Face vertices="28 30 35" />
    <Face vertices="19 28 9" />
    <Face vertices="19 30 28" />
    <Face vertices="19 9 30" />
    <Face vertices="25 12 15" />
    <Face vertices="25 27 12" />
    <Face vertices="25 9 28" />
    <Face vertices="25 15 9" />
    <Face vertices="25 28 27" />
  </ConvexHull>
</CollisionModel>