﻿<?xml version="1.0" encoding="utf-8"?>
<CollisionModel version="1.0" xmlns="urn:abb-robotics-collisionmodel">
  <!-- Max outside tolerance = 0.005 -->
  <!-- Max inside tolerance  = 0.0005 -->
  <!-- Num hulls = 2 -->
  <ConvexHull>
    <!-- num vertices: 24 -->
    <!-- num faces:    44 -->
    <!-- max valence:  8 -->
    <!-- lower corner: 0.1035 -0.077546 -0.053049 -->
    <!-- upper corner: 0.374504 0.097164 0.117415 -->
    <Vertex position="0.344327 -0.0175 -0.053049" neighbors="8 17 2 1 3" />
    <Vertex position="0.344327 0.0175 -0.053049" neighbors="9 8 0 5 4 3" />
    <Vertex position="0.296457 -0.0175 -0.052731" neighbors="17 0 6 3" />
    <Vertex position="0.296457 0.0175 -0.052731" neighbors="4 1 0 2 7 6" />
    <Vertex position="0.309722 0.094719 -0.043314" neighbors="1 5 16 7 11 3" />
    <Vertex position="0.34426 0.095499 -0.037331" neighbors="19 9 1 4 11" />
    <Vertex position="0.247 -0.026844 -0.036" neighbors="17 13 2 7 3" />
    <Vertex position="0.247 0.025 -0.036" neighbors="13 16 4 6 3" />
    <Vertex position="0.364985 -0.017252 -0.033556" neighbors="9 1 0 17 10" />
    <Vertex position="0.369142 0.096 -0.00869" neighbors="1 8 19 5 10 12" />
    <Vertex position="0.374504 -0.017159 -0.005479" neighbors="8 9 17 14 22 12" />
    <Vertex position="0.236238 0.095023 0.013075" neighbors="23 19 4 16 5" />
    <Vertex position="0.371498 0.094396 0.019123" neighbors="19 15 9 10 14 18" />
    <Vertex position="0.1035 0 0.032023" neighbors="17 16 7 6" />
    <Vertex position="0.373251 -0.017411 0.036466" neighbors="20 22 10 12 18" />
    <Vertex position="0.362817 0.094465 0.043554" neighbors="19 12 21 18" />
    <Vertex position="0.1035 0.074 0.0443" neighbors="23 22 17 13 7 4 11" />
    <Vertex position="0.1035 -0.077226 0.044835" neighbors="22 16 8 0 2 13 6 10" />
    <Vertex position="0.363468 0.02008 0.057165" neighbors="20 14 12 15 21" />
    <Vertex position="0.341811 0.097164 0.06032" neighbors="5 9 23 11 12 15 21" />
    <Vertex position="0.350517 -0.017547 0.074842" neighbors="22 23 14 21 18" />
    <Vertex position="0.341549 0.016866 0.076361" neighbors="19 23 20 15 18" />
    <Vertex position="0.1035 -0.077546 0.116672" neighbors="23 20 16 17 14 10" />
    <Vertex position="0.1035 0.074 0.117415" neighbors="22 20 16 11 19 21" />
    <Face vertices="23 22 20" />
    <Face vertices="23 16 22" />
    <Face vertices="17 22 16" />
    <Face vertices="14 20 22" />
    <Face vertices="1 9 8" />
    <Face vertices="0 8 17" />
    <Face vertices="0 17 2" />
    <Face vertices="0 1 8" />
    <Face vertices="5 19 9" />
    <Face vertices="5 1 4" />
    <Face vertices="5 9 1" />
    <Face vertices="13 17 16" />
    <Face vertices="7 13 16" />
    <Face vertices="7 16 4" />
    <Face vertices="11 23 19" />
    <Face vertices="11 4 16" />
    <Face vertices="11 16 23" />
    <Face vertices="11 5 4" />
    <Face vertices="11 19 5" />
    <Face vertices="6 17 13" />
    <Face vertices="6 2 17" />
    <Face vertices="6 13 7" />
    <Face vertices="10 8 9" />
    <Face vertices="10 17 8" />
    <Face vertices="10 14 22" />
    <Face vertices="10 22 17" />
    <Face vertices="12 19 15" />
    <Face vertices="12 9 19" />
    <Face vertices="12 10 9" />
    <Face vertices="12 14 10" />
    <Face vertices="21 19 23" />
    <Face vertices="21 23 20" />
    <Face vertices="21 15 19" />
    <Face vertices="18 20 14" />
    <Face vertices="18 12 15" />
    <Face vertices="18 14 12" />
    <Face vertices="18 21 20" />
    <Face vertices="18 15 21" />
    <Face vertices="3 4 1" />
    <Face vertices="3 0 2" />
    <Face vertices="3 1 0" />
    <Face vertices="3 7 4" />
    <Face vertices="3 6 7" />
    <Face vertices="3 2 6" />
  </ConvexHull>
  <ConvexHull>
    <!-- num vertices: 27 -->
    <!-- num faces:    50 -->
    <!-- max valence:  9 -->
    <!-- lower corner: -0.168947 -0.149326 -0.012373 -->
    <!-- upper corner: 0.105001 0.173389 0.586262 -->
    <Vertex position="-0.007678 0.005993 -0.012373" neighbors="5 6 7 8 4 1 2" />
    <Vertex position="0.040677 -0.033195 -0.010742" neighbors="0 4 3 2" />
    <Vertex position="-0.041337 -0.052538 -0.009" neighbors="0 1 6 3" />
    <Vertex position="0.091264 -0.091087 -0.001782" neighbors="6 12 23 16 9 4 22 1 2" />
    <Vertex position="0.091809 0.170741 -0.000038" neighbors="13 24 14 9 3 8 0 1" />
    <Vertex position="-0.166047 0.051489 -0.000001" neighbors="6 15 17 7 0" />
    <Vertex position="-0.146429 -0.095 0" neighbors="12 11 3 15 5 0 2" />
    <Vertex position="-0.1625 0.147343 0" neighbors="10 17 5 0 8" />
    <Vertex position="0.01 0.17 0" neighbors="7 10 0 4 14" />
    <Vertex position="0.098238 -0.009653 0.001248" neighbors="4 13 3 16" />
    <Vertex position="-0.119885 0.166264 0.012306" neighbors="17 20 7 14 8" />
    <Vertex position="-0.145841 -0.148 0.02458" neighbors="12 6 15 19" />
    <Vertex position="-0.01396 -0.149326 0.024745" neighbors="6 11 3 19 22 23 18" />
    <Vertex position="0.105001 0.073535 0.031194" neighbors="4 24 16 9" />
    <Vertex position="0.082849 0.173389 0.03981" neighbors="24 4 20 26 10 8" />
    <Vertex position="-0.163728 -0.130908 0.044421" neighbors="6 11 5 17 19 25 21" />
    <Vertex position="0.104675 -0.073862 0.049213" neighbors="23 3 13 24 9" />
    <Vertex position="-0.168947 0.149648 0.069488" neighbors="26 20 25 10 7 5 15 21" />
    <Vertex position="-0.064777 -0.148 0.07183" neighbors="19 12 23" />
    <Vertex position="-0.145315 -0.148 0.072002" neighbors="11 12 23 25 15 18" />
    <Vertex position="-0.120252 0.166264 0.072256" neighbors="26 17 10 14" />
    <Vertex position="-0.166 0.05175 0.086" neighbors="17 15 25" />
    <Vertex position="0.083339 -0.098247 0.130365" neighbors="12 3 23" />
    <Vertex position="0.094964 -0.076723 0.58624" neighbors="26 24 25 16 3 19 22 12 18" />
    <Vertex position="0.094964 0.076646 0.58624" neighbors="26 23 4 13 16 14" />
    <Vertex position="-0.09471 -0.07672 0.586259" neighbors="23 26 17 19 15 21" />
    <Vertex position="-0.09471 0.076642 0.586262" neighbors="24 23 25 17 20 14" />
    <Face vertices="24 26 23" />
    <Face vertices="25 23 26" />
    <Face vertices="6 12 11" />
    <Face vertices="6 3 12" />
    <Face vertices="15 6 11" />
    <Face vertices="17 26 20" />
    <Face vertices="17 25 26" />
    <Face vertices="13 4 24" />
    <Face vertices="10 17 20" />
    <Face vertices="10 7 17" />
    <Face vertices="16 23 3" />
    <Face vertices="16 13 24" />
    <Face vertices="16 24 23" />
    <Face vertices="5 6 15" />
    <Face vertices="5 17 7" />
    <Face vertices="5 15 17" />
    <Face vertices="5 0 6" />
    <Face vertices="5 7 0" />
    <Face vertices="14 24 4" />
    <Face vertices="14 20 26" />
    <Face vertices="14 26 24" />
    <Face vertices="14 10 20" />
    <Face vertices="19 11 12" />
    <Face vertices="19 23 25" />
    <Face vertices="19 15 11" />
    <Face vertices="19 25 15" />
    <Face vertices="9 4 13" />
    <Face vertices="9 3 4" />
    <Face vertices="9 16 3" />
    <Face vertices="9 13 16" />
    <Face vertices="22 12 3" />
    <Face vertices="22 23 12" />
    <Face vertices="22 3 23" />
    <Face vertices="8 7 10" />
    <Face vertices="8 0 7" />
    <Face vertices="8 4 0" />
    <Face vertices="8 14 4" />
    <Face vertices="8 10 14" />
    <Face vertices="1 0 4" />
    <Face vertices="1 4 3" />
    <Face vertices="18 19 12" />
    <Face vertices="18 23 19" />
    <Face vertices="18 12 23" />
    <Face vertices="2 0 1" />
    <Face vertices="2 6 0" />
    <Face vertices="2 1 3" />
    <Face vertices="2 3 6" />
    <Face vertices="21 17 15" />
    <Face vertices="21 25 17" />
    <Face vertices="21 15 25" />
  </ConvexHull>
</CollisionModel>