﻿<?xml version="1.0" encoding="utf-8"?>
<CollisionModel version="1.0" xmlns="urn:abb-robotics-collisionmodel">
  <!-- Max outside tolerance = 0.005 -->
  <!-- Max inside tolerance  = 0.0005 -->
  <!-- Num hulls = 8 -->
  <ConvexHull>
    <!-- num vertices: 60 -->
    <!-- num faces:    116 -->
    <!-- max valence:  12 -->
    <!-- lower corner: -1.0225 -2.003733 0.75 -->
    <!-- upper corner: -0.3775 -1.362267 0.7531 -->
    <Vertex position="-0.73371 -2.003733 0.75" neighbors="2 1 30" />
    <Vertex position="-0.66629 -2.003733 0.75" neighbors="4 5 3 2 30 31 0" />
    <Vertex position="-0.799658 -1.989716 0.75" neighbors="4 1 34 0 30 32" />
    <Vertex position="-0.600342 -1.989716 0.75" neighbors="1 5 35 31 33" />
    <Vertex position="-0.86125 -1.962293 0.75" neighbors="21 26 13 5 14 10 8 1 36 34 2 6" />
    <Vertex position="-0.53875 -1.962293 0.75" neighbors="4 13 1 3 35 7" />
    <Vertex position="-0.915795 -1.922664 0.75" neighbors="36 8 4" />
    <Vertex position="-0.484205 -1.922664 0.75" neighbors="5 13 35 11 9 39 37" />
    <Vertex position="-0.960908 -1.872561 0.75" neighbors="10 4 40 38 36 6" />
    <Vertex position="-0.439092 -1.872561 0.75" neighbors="11 39 7" />
    <Vertex position="-0.994618 -1.814173 0.75" neighbors="14 4 8 40 12" />
    <Vertex position="-0.405382 -1.814173 0.75" neighbors="7 13 43 9 39 41" />
    <Vertex position="-1.015453 -1.750052 0.75" neighbors="10 40 14 44 42" />
    <Vertex position="-0.384547 -1.750052 0.75" neighbors="4 21 5 7 19 11 43 15" />
    <Vertex position="-1.0225 -1.683 0.75" neighbors="26 4 20 10 12 44 16" />
    <Vertex position="-0.3775 -1.683 0.75" neighbors="13 19 43 17 47 45" />
    <Vertex position="-1.015453 -1.615948 0.75" neighbors="20 14 44 18 48 46" />
    <Vertex position="-0.384547 -1.615948 0.75" neighbors="15 19 47" />
    <Vertex position="-0.994618 -1.551827 0.75" neighbors="16 48 20" />
    <Vertex position="-0.405382 -1.551827 0.75" neighbors="13 21 51 15 17 47 49" />
    <Vertex position="-0.960908 -1.493439 0.75" neighbors="26 14 16 24 22 50 48 18" />
    <Vertex position="-0.439092 -1.493439 0.75" neighbors="26 4 13 29 19 51 23" />
    <Vertex position="-0.915795 -1.443336 0.75" neighbors="24 20 54 50 52" />
    <Vertex position="-0.484205 -1.443336 0.75" neighbors="21 29 51 25 55 53" />
    <Vertex position="-0.86125 -1.403707 0.75" neighbors="54 26 20 22" />
    <Vertex position="-0.53875 -1.403707 0.75" neighbors="23 29 55 27" />
    <Vertex position="-0.799658 -1.376284 0.75" neighbors="21 4 14 20 29 54 24 28 58 56" />
    <Vertex position="-0.600342 -1.376284 0.75" neighbors="25 29 55 59 57" />
    <Vertex position="-0.73371 -1.362267 0.75" neighbors="29 26 58" />
    <Vertex position="-0.66629 -1.362267 0.75" neighbors="21 26 23 25 27 59 58 28" />
    <Vertex position="-0.73371 -2.003733 0.7531" neighbors="39 48 40 36 35 34 31 1 0 2 32" />
    <Vertex position="-0.66629 -2.003733 0.7531" neighbors="30 1 35 3 33" />
    <Vertex position="-0.799658 -1.989716 0.7531" neighbors="2 30 34" />
    <Vertex position="-0.600342 -1.989716 0.7531" neighbors="31 3 35" />
    <Vertex position="-0.86125 -1.962293 0.7531" neighbors="36 4 30 2 32" />
    <Vertex position="-0.53875 -1.962293 0.7531" neighbors="39 30 5 3 7 31 33 37" />
    <Vertex position="-0.915795 -1.922664 0.7531" neighbors="30 40 34 4 38 8 6" />
    <Vertex position="-0.484205 -1.922664 0.7531" neighbors="7 39 35" />
    <Vertex position="-0.960908 -1.872561 0.7531" neighbors="36 40 8" />
    <Vertex position="-0.439092 -1.872561 0.7531" neighbors="48 55 47 30 35 43 11 9 7 41 37" />
    <Vertex position="-0.994618 -1.814173 0.7531" neighbors="30 48 8 10 12 36 44 38 42" />
    <Vertex position="-0.405382 -1.814173 0.7531" neighbors="11 43 39" />
    <Vertex position="-1.015453 -1.750052 0.7531" neighbors="44 12 40" />
    <Vertex position="-0.384547 -1.750052 0.7531" neighbors="47 39 13 11 15 41 45" />
    <Vertex position="-1.0225 -1.683 0.7531" neighbors="40 48 14 12 16 42 46" />
    <Vertex position="-0.3775 -1.683 0.7531" neighbors="15 47 43" />
    <Vertex position="-1.015453 -1.615948 0.7531" neighbors="16 44 48" />
    <Vertex position="-0.384547 -1.615948 0.7531" neighbors="55 39 51 43 17 15 19 49 45" />
    <Vertex position="-0.994618 -1.551827 0.7531" neighbors="55 39 30 40 54 44 50 20 16 18 46" />
    <Vertex position="-0.405382 -1.551827 0.7531" neighbors="19 51 47" />
    <Vertex position="-0.960908 -1.493439 0.7531" neighbors="48 54 20 22 52" />
    <Vertex position="-0.439092 -1.493439 0.7531" neighbors="55 47 21 19 23 49 53" />
    <Vertex position="-0.915795 -1.443336 0.7531" neighbors="50 54 22" />
    <Vertex position="-0.484205 -1.443336 0.7531" neighbors="23 55 51" />
    <Vertex position="-0.86125 -1.403707 0.7531" neighbors="48 55 58 24 26 22 50 56 52" />
    <Vertex position="-0.53875 -1.403707 0.7531" neighbors="48 39 47 54 58 51 25 23 27 59 57 53" />
    <Vertex position="-0.799658 -1.376284 0.7531" neighbors="58 26 54" />
    <Vertex position="-0.600342 -1.376284 0.7531" neighbors="59 55 27" />
    <Vertex position="-0.73371 -1.362267 0.7531" neighbors="54 55 29 59 28 26 56" />
    <Vertex position="-0.66629 -1.362267 0.7531" neighbors="29 58 55 27 57" />
    <Face vertices="55 48 39" />
    <Face vertices="26 21 4" />
    <Face vertices="47 55 39" />
    <Face vertices="13 4 21" />
    <Face vertices="5 4 13" />
    <Face vertices="30 39 48" />
    <Face vertices="40 30 48" />
    <Face vertices="14 26 4" />
    <Face vertices="20 26 14" />
    <Face vertices="54 48 55" />
    <Face vertices="58 54 55" />
    <Face vertices="29 21 26" />
    <Face vertices="10 14 4" />
    <Face vertices="8 10 4" />
    <Face vertices="8 40 10" />
    <Face vertices="12 10 40" />
    <Face vertices="12 14 10" />
    <Face vertices="36 30 40" />
    <Face vertices="35 39 30" />
    <Face vertices="1 4 5" />
    <Face vertices="3 1 5" />
    <Face vertices="3 5 35" />
    <Face vertices="7 5 13" />
    <Face vertices="7 35 5" />
    <Face vertices="51 55 47" />
    <Face vertices="19 13 21" />
    <Face vertices="19 21 51" />
    <Face vertices="23 21 29" />
    <Face vertices="23 51 21" />
    <Face vertices="44 40 48" />
    <Face vertices="44 14 12" />
    <Face vertices="16 20 14" />
    <Face vertices="16 14 44" />
    <Face vertices="43 47 39" />
    <Face vertices="11 7 13" />
    <Face vertices="11 13 43" />
    <Face vertices="15 13 19" />
    <Face vertices="15 43 13" />
    <Face vertices="25 23 29" />
    <Face vertices="25 55 23" />
    <Face vertices="27 25 29" />
    <Face vertices="27 55 25" />
    <Face vertices="34 36 4" />
    <Face vertices="34 30 36" />
    <Face vertices="2 4 1" />
    <Face vertices="2 34 4" />
    <Face vertices="24 54 26" />
    <Face vertices="24 26 20" />
    <Face vertices="22 24 20" />
    <Face vertices="22 54 24" />
    <Face vertices="50 48 54" />
    <Face vertices="50 20 48" />
    <Face vertices="50 22 20" />
    <Face vertices="59 29 58" />
    <Face vertices="59 58 55" />
    <Face vertices="59 27 29" />
    <Face vertices="31 30 1" />
    <Face vertices="31 35 30" />
    <Face vertices="31 1 3" />
    <Face vertices="9 11 39" />
    <Face vertices="9 7 11" />
    <Face vertices="9 39 7" />
    <Face vertices="18 16 48" />
    <Face vertices="18 20 16" />
    <Face vertices="18 48 20" />
    <Face vertices="38 36 40" />
    <Face vertices="38 8 36" />
    <Face vertices="38 40 8" />
    <Face vertices="0 2 1" />
    <Face vertices="0 30 2" />
    <Face vertices="0 1 30" />
    <Face vertices="28 29 26" />
    <Face vertices="28 58 29" />
    <Face vertices="28 26 58" />
    <Face vertices="17 15 19" />
    <Face vertices="17 47 15" />
    <Face vertices="17 19 47" />
    <Face vertices="49 19 51" />
    <Face vertices="49 47 19" />
    <Face vertices="49 51 47" />
    <Face vertices="41 11 43" />
    <Face vertices="41 39 11" />
    <Face vertices="41 43 39" />
    <Face vertices="45 15 47" />
    <Face vertices="45 43 15" />
    <Face vertices="45 47 43" />
    <Face vertices="42 44 12" />
    <Face vertices="42 40 44" />
    <Face vertices="42 12 40" />
    <Face vertices="46 16 44" />
    <Face vertices="46 48 16" />
    <Face vertices="46 44 48" />
    <Face vertices="56 58 26" />
    <Face vertices="56 54 58" />
    <Face vertices="56 26 54" />
    <Face vertices="57 59 55" />
    <Face vertices="57 27 59" />
    <Face vertices="57 55 27" />
    <Face vertices="32 2 30" />
    <Face vertices="32 34 2" />
    <Face vertices="32 30 34" />
    <Face vertices="33 31 3" />
    <Face vertices="33 35 31" />
    <Face vertices="33 3 35" />
    <Face vertices="52 50 54" />
    <Face vertices="52 22 50" />
    <Face vertices="52 54 22" />
    <Face vertices="6 36 8" />
    <Face vertices="6 4 36" />
    <Face vertices="6 8 4" />
    <Face vertices="53 23 55" />
    <Face vertices="53 51 23" />
    <Face vertices="53 55 51" />
    <Face vertices="37 7 39" />
    <Face vertices="37 35 7" />
    <Face vertices="37 39 35" />
  </ConvexHull>
  <ConvexHull>
    <!-- num vertices: 9 -->
    <!-- num faces:    14 -->
    <!-- max valence:  6 -->
    <!-- lower corner: -0.351607 -2.247 0.468093 -->
    <!-- upper corner: 0.3 -2.183 0.75 -->
    <Vertex position="-0.35 -2.183 0.468093" neighbors="3 1 6 2" />
    <Vertex position="0.3 -2.247 0.4681" neighbors="0 3 5 2" />
    <Vertex position="0.3 -2.183 0.4681" neighbors="1 0 6 7 5" />
    <Vertex position="-0.35 -2.247 0.468198" neighbors="0 1 6 5 4" />
    <Vertex position="-0.35 -2.247 0.741814" neighbors="5 8 3 6" />
    <Vertex position="0.3 -2.247 0.75" neighbors="3 1 2 7 8 4" />
    <Vertex position="-0.351607 -2.183 0.75" neighbors="3 0 2 7 8 4" />
    <Vertex position="0.3 -2.183 0.75" neighbors="6 2 5 8" />
    <Vertex position="-0.346963 -2.247 0.75" neighbors="5 7 6 4" />
    <Face vertices="3 0 1" />
    <Face vertices="3 6 0" />
    <Face vertices="5 3 1" />
    <Face vertices="2 1 0" />
    <Face vertices="2 6 7" />
    <Face vertices="2 0 6" />
    <Face vertices="2 5 1" />
    <Face vertices="2 7 5" />
    <Face vertices="8 5 7" />
    <Face vertices="8 7 6" />
    <Face vertices="4 5 8" />
    <Face vertices="4 3 5" />
    <Face vertices="4 8 6" />
    <Face vertices="4 6 3" />
  </ConvexHull>
  <ConvexHull>
    <!-- num vertices: 9 -->
    <!-- num faces:    14 -->
    <!-- max valence:  7 -->
    <!-- lower corner: -0.350019 -2.247 0.75 -->
    <!-- upper corner: 0.3 -2.183 1.443101 -->
    <Vertex position="-0.349424 -2.247 0.75" neighbors="2 8 1 4" />
    <Vertex position="-0.350019 -2.183 0.75" neighbors="2 3 5 8 0 4" />
    <Vertex position="0.3 -2.247 0.75" neighbors="3 6 1 8 0" />
    <Vertex position="0.3 -2.183 0.75" neighbors="2 6 1 7 5" />
    <Vertex position="-0.35 -2.247 0.9526" neighbors="0 8 1" />
    <Vertex position="-0.35 -2.183 1.443089" neighbors="7 3 1 8" />
    <Vertex position="0.3 -2.247 1.4431" neighbors="3 2 7 8" />
    <Vertex position="0.3 -2.183 1.4431" neighbors="6 3 8 5" />
    <Vertex position="-0.35 -2.247 1.443101" neighbors="2 6 7 5 1 0 4" />
    <Face vertices="2 3 6" />
    <Face vertices="3 2 1" />
    <Face vertices="7 6 3" />
    <Face vertices="8 2 6" />
    <Face vertices="8 6 7" />
    <Face vertices="5 7 3" />
    <Face vertices="5 3 1" />
    <Face vertices="5 8 7" />
    <Face vertices="5 1 8" />
    <Face vertices="0 2 8" />
    <Face vertices="0 1 2" />
    <Face vertices="4 0 8" />
    <Face vertices="4 1 0" />
    <Face vertices="4 8 1" />
  </ConvexHull>
  <ConvexHull>
    <!-- num vertices: 13 -->
    <!-- num faces:    22 -->
    <!-- max valence:  6 -->
    <!-- lower corner: -0.327351 -2.027204 0.75 -->
    <!-- upper corner: -0.110652 -1.490642 0.796824 -->
    <Vertex position="-0.327347 -2.027004 0.75" neighbors="2 8 1 10 3 4" />
    <Vertex position="-0.110652 -1.52956 0.75" neighbors="0 2 7 6 5 4" />
    <Vertex position="-0.135098 -2.027 0.75" neighbors="0 8 1 9 7" />
    <Vertex position="-0.32 -1.5575 0.75" neighbors="10 0 5 4" />
    <Vertex position="-0.31 -1.52956 0.75" neighbors="0 3 1 5" />
    <Vertex position="-0.297419 -1.491416 0.752038" neighbors="6 1 10 3 4" />
    <Vertex position="-0.295065 -1.490642 0.761901" neighbors="12 11 1 7 5 10" />
    <Vertex position="-0.110658 -1.529678 0.770296" neighbors="1 6 12 9 2" />
    <Vertex position="-0.327351 -2.027204 0.773239" neighbors="2 0 9 11 10" />
    <Vertex position="-0.135099 -2.027016 0.773249" neighbors="8 2 11 12 7" />
    <Vertex position="-0.32 -1.5575 0.78635" neighbors="11 6 8 0 3 5" />
    <Vertex position="-0.310199 -1.558389 0.796808" neighbors="12 6 9 8 10" />
    <Vertex position="-0.150268 -1.558074 0.796824" neighbors="11 6 9 7" />
    <Face vertices="11 12 6" />
    <Face vertices="0 2 8" />
    <Face vertices="0 1 2" />
    <Face vertices="9 8 2" />
    <Face vertices="9 11 8" />
    <Face vertices="9 12 11" />
    <Face vertices="7 1 6" />
    <Face vertices="7 6 12" />
    <Face vertices="7 12 9" />
    <Face vertices="7 9 2" />
    <Face vertices="7 2 1" />
    <Face vertices="5 6 1" />
    <Face vertices="10 11 6" />
    <Face vertices="10 8 11" />
    <Face vertices="10 0 8" />
    <Face vertices="10 3 0" />
    <Face vertices="10 5 3" />
    <Face vertices="10 6 5" />
    <Face vertices="4 0 3" />
    <Face vertices="4 1 0" />
    <Face vertices="4 5 1" />
    <Face vertices="4 3 5" />
  </ConvexHull>
  <ConvexHull>
    <!-- num vertices: 20 -->
    <!-- num faces:    36 -->
    <!-- max valence:  7 -->
    <!-- lower corner: -0.35 -2.027 0.4681 -->
    <!-- upper corner: -0.098641 -1.490767 0.75 -->
    <Vertex position="-0.115 -1.6625 0.4681" neighbors="1 2 3 4 11 13" />
    <Vertex position="-0.35 -1.9675 0.4681" neighbors="0 2 3 17 9 6" />
    <Vertex position="-0.35 -1.6625 0.4681" neighbors="1 0 7 6 12 13" />
    <Vertex position="-0.115 -1.9675 0.4681" neighbors="0 1 9 8 5 4" />
    <Vertex position="-0.099349 -1.6625 0.52651" neighbors="0 11 5 3 19" />
    <Vertex position="-0.098641 -1.9675 0.529152" neighbors="19 16 8 3 4" />
    <Vertex position="-0.35 -1.9675 0.5931" neighbors="15 7 17 1 2" />
    <Vertex position="-0.35 -1.550074 0.5931" neighbors="18 15 6 2 10 12" />
    <Vertex position="-0.136217 -2.027 0.62135" neighbors="9 3 16 5" />
    <Vertex position="-0.32413 -2.027 0.62135" neighbors="16 17 1 3 8" />
    <Vertex position="-0.31 -1.52956 0.62235" neighbors="18 14 7 12" />
    <Vertex position="-0.1119 -1.52956 0.62235" neighbors="14 19 0 4 13" />
    <Vertex position="-0.168289 -1.49256 0.632386" neighbors="2 7 10 14 13" />
    <Vertex position="-0.163711 -1.49256 0.632386" neighbors="11 0 14 2 12" />
    <Vertex position="-0.163822 -1.490767 0.635643" neighbors="19 18 11 10 12 13" />
    <Vertex position="-0.325 -1.57147 0.75" neighbors="18 17 7 6" />
    <Vertex position="-0.135098 -2.027 0.75" neighbors="17 19 9 8 5" />
    <Vertex position="-0.325 -2.027 0.75" neighbors="19 16 18 15 9 1 6" />
    <Vertex position="-0.31 -1.52956 0.75" neighbors="19 14 17 15 7 10" />
    <Vertex position="-0.110652 -1.52956 0.75" neighbors="17 16 18 14 11 5 4" />
    <Face vertices="19 17 16" />
    <Face vertices="0 1 2" />
    <Face vertices="0 3 1" />
    <Face vertices="18 19 14" />
    <Face vertices="18 17 19" />
    <Face vertices="18 15 17" />
    <Face vertices="18 7 15" />
    <Face vertices="11 14 19" />
    <Face vertices="9 16 17" />
    <Face vertices="9 17 1" />
    <Face vertices="9 1 3" />
    <Face vertices="8 9 3" />
    <Face vertices="8 16 9" />
    <Face vertices="5 19 16" />
    <Face vertices="5 8 3" />
    <Face vertices="5 16 8" />
    <Face vertices="4 0 11" />
    <Face vertices="4 5 3" />
    <Face vertices="4 3 0" />
    <Face vertices="4 19 5" />
    <Face vertices="4 11 19" />
    <Face vertices="6 15 7" />
    <Face vertices="6 17 15" />
    <Face vertices="6 1 17" />
    <Face vertices="6 7 2" />
    <Face vertices="6 2 1" />
    <Face vertices="10 18 14" />
    <Face vertices="10 7 18" />
    <Face vertices="12 2 7" />
    <Face vertices="12 10 14" />
    <Face vertices="12 7 10" />
    <Face vertices="13 11 0" />
    <Face vertices="13 14 11" />
    <Face vertices="13 2 12" />
    <Face vertices="13 0 2" />
    <Face vertices="13 12 14" />
  </ConvexHull>
  <ConvexHull>
    <!-- num vertices: 22 -->
    <!-- num faces:    40 -->
    <!-- max valence:  11 -->
    <!-- lower corner: -1.700227 -3.071437 0.75 -->
    <!-- upper corner: -0.346566 -2.183 1.443103 -->
    <Vertex position="-0.667716 -3.071434 0.75" neighbors="1 4 7 3 13 19 6 2 12 9 10" />
    <Vertex position="-0.439494 -2.93967 0.75" neighbors="19 2 4 8 0" />
    <Vertex position="-0.405631 -2.881019 0.75" neighbors="12 5 19 1 0" />
    <Vertex position="-1.305727 -2.769786 0.75" neighbors="15 7 9 14 0" />
    <Vertex position="-0.539601 -3.029807 0.75" neighbors="13 19 8 1 0" />
    <Vertex position="-0.38063 -2.804073 0.75" neighbors="19 12 2" />
    <Vertex position="-0.729368 -3.071437 0.75" neighbors="21 19 10 0" />
    <Vertex position="-0.857481 -3.02981 0.75" neighbors="21 17 3 15 10 0" />
    <Vertex position="-0.484811 -2.989999 0.75" neighbors="4 1 19" />
    <Vertex position="-1.69971 -2.243649 0.75" neighbors="21 11 12 16 14 3 0" />
    <Vertex position="-0.795612 -3.057356 0.75" neighbors="21 7 6 0" />
    <Vertex position="-1.700023 -2.183 0.75" neighbors="18 20 12 21 9" />
    <Vertex position="-0.346566 -2.183 0.75" neighbors="20 11 5 19 9 2 0" />
    <Vertex position="-0.601471 -3.057353 0.75" neighbors="4 19 0" />
    <Vertex position="-1.369835 -2.725777 0.754414" neighbors="16 9 3 15" />
    <Vertex position="-1.325 -2.7775 0.7651" neighbors="3 7 17 16 14" />
    <Vertex position="-1.375278 -2.739345 0.772224" neighbors="21 9 17 15 14" />
    <Vertex position="-1.325 -2.7775 0.7931" neighbors="16 21 7 15" />
    <Vertex position="-1.699813 -2.183 1.442913" neighbors="11 20 21" />
    <Vertex position="-0.349314 -2.244166 1.4431" neighbors="21 6 20 5 12 4 13 2 1 8 0" />
    <Vertex position="-0.35 -2.183 1.4431" neighbors="18 11 12 21 19" />
    <Vertex position="-1.700227 -2.243405 1.443103" neighbors="18 11 20 19 6 9 16 17 7 10" />
    <Face vertices="11 18 20" />
    <Face vertices="11 20 12" />
    <Face vertices="21 18 11" />
    <Face vertices="21 20 18" />
    <Face vertices="19 21 6" />
    <Face vertices="19 20 21" />
    <Face vertices="19 5 12" />
    <Face vertices="19 12 20" />
    <Face vertices="9 21 11" />
    <Face vertices="9 11 12" />
    <Face vertices="16 21 9" />
    <Face vertices="16 17 21" />
    <Face vertices="7 21 17" />
    <Face vertices="15 3 7" />
    <Face vertices="15 7 17" />
    <Face vertices="15 17 16" />
    <Face vertices="13 4 19" />
    <Face vertices="14 16 9" />
    <Face vertices="14 9 3" />
    <Face vertices="14 15 16" />
    <Face vertices="14 3 15" />
    <Face vertices="2 12 5" />
    <Face vertices="2 19 1" />
    <Face vertices="2 5 19" />
    <Face vertices="8 4 1" />
    <Face vertices="8 19 4" />
    <Face vertices="8 1 19" />
    <Face vertices="10 21 7" />
    <Face vertices="10 6 21" />
    <Face vertices="0 1 4" />
    <Face vertices="0 7 3" />
    <Face vertices="0 4 13" />
    <Face vertices="0 13 19" />
    <Face vertices="0 19 6" />
    <Face vertices="0 2 1" />
    <Face vertices="0 12 2" />
    <Face vertices="0 9 12" />
    <Face vertices="0 3 9" />
    <Face vertices="0 10 7" />
    <Face vertices="0 6 10" />
  </ConvexHull>
  <ConvexHull>
    <!-- num vertices: 37 -->
    <!-- num faces:    70 -->
    <!-- max valence:  13 -->
    <!-- lower corner: -1.7 -3.067733 -0.08 -->
    <!-- upper corner: -0.346566 -2.175155 0.75 -->
    <Vertex position="-1.005 -2.54 -0.08" neighbors="5 4 1 10 12 2" />
    <Vertex position="-0.395 -2.54 -0.08" neighbors="0 5 12 11 3" />
    <Vertex position="-1.025 -2.52 -0.08" neighbors="10 6 0 4" />
    <Vertex position="-0.375 -2.52 -0.08" neighbors="11 1 5 24 7" />
    <Vertex position="-1.025 -2.179 -0.08" neighbors="5 0 8 6 2 13" />
    <Vertex position="-0.375 -2.179 -0.08" neighbors="4 0 1 3 13 26 7 9" />
    <Vertex position="-1.7 -2.2425 0.4681" neighbors="8 36 4 35 10 2 14" />
    <Vertex position="-0.35 -2.2425 0.4681" neighbors="24 3 26 5 9" />
    <Vertex position="-1.7 -2.183015 0.4681" neighbors="6 36 4 13" />
    <Vertex position="-0.349914 -2.183 0.471884" neighbors="7 5 26" />
    <Vertex position="-1.351822 -2.768907 0.478401" neighbors="12 0 17 2 6 14" />
    <Vertex position="-0.399864 -2.993472 0.479521" neighbors="12 1 24 18 3 23 15 16" />
    <Vertex position="-0.999985 -2.993694 0.479794" neighbors="10 0 1 11 17 22 23" />
    <Vertex position="-0.392307 -2.175155 0.482413" neighbors="5 4 26 36 8" />
    <Vertex position="-1.37 -2.7675 0.542741" neighbors="6 10 35 20 17" />
    <Vertex position="-0.42 -3.015 0.5531" neighbors="23 11 29 16 19" />
    <Vertex position="-0.404227 -3.010774 0.5531" neighbors="15 11 18 19" />
    <Vertex position="-0.986378 -3.016974 0.55965" neighbors="10 12 25 20 22 27 14" />
    <Vertex position="-0.401146 -3.007882 0.560441" neighbors="24 11 31 32 33 16 19" />
    <Vertex position="-0.41 -3.012321 0.5681" neighbors="31 30 18 29 15 16" />
    <Vertex position="-1.37 -2.7675 0.678811" neighbors="25 17 14 35 21" />
    <Vertex position="-1.33 -2.7725 0.7221" neighbors="20 25 34 35" />
    <Vertex position="-0.73371 -3.067733 0.7281" neighbors="17 12 27 23" />
    <Vertex position="-0.66629 -3.067733 0.7281" neighbors="22 12 11 27 28 29 15" />
    <Vertex position="-0.380476 -2.80152 0.75" neighbors="11 18 3 33 26 7" />
    <Vertex position="-0.822445 -3.048872 0.75" neighbors="17 20 34 27 21" />
    <Vertex position="-0.346566 -2.183 0.75" neighbors="33 36 24 13 5 7 9" />
    <Vertex position="-0.73371 -3.067733 0.75" neighbors="36 34 25 17 22 23 28" />
    <Vertex position="-0.66629 -3.067733 0.75" neighbors="36 27 29 23" />
    <Vertex position="-0.600342 -3.053716 0.75" neighbors="36 30 28 23 15 19" />
    <Vertex position="-0.53875 -3.026293 0.75" neighbors="31 36 29 19" />
    <Vertex position="-0.484205 -2.986664 0.75" neighbors="32 36 18 30 19" />
    <Vertex position="-0.439092 -2.936561 0.75" neighbors="31 36 18 33" />
    <Vertex position="-0.405382 -2.878173 0.75" neighbors="36 32 26 18 24" />
    <Vertex position="-1.308537 -2.766034 0.75" neighbors="35 36 27 25 21" />
    <Vertex position="-1.69971 -2.243649 0.75" neighbors="36 6 34 14 20 21" />
    <Vertex position="-1.699914 -2.183 0.75" neighbors="6 8 35 34 27 32 31 33 26 30 29 28 13" />
    <Face vertices="4 5 0" />
    <Face vertices="1 0 5" />
    <Face vertices="12 10 0" />
    <Face vertices="12 0 1" />
    <Face vertices="8 6 36" />
    <Face vertices="8 4 6" />
    <Face vertices="11 12 1" />
    <Face vertices="11 24 18" />
    <Face vertices="35 36 6" />
    <Face vertices="35 34 36" />
    <Face vertices="17 10 12" />
    <Face vertices="17 25 20" />
    <Face vertices="22 17 12" />
    <Face vertices="3 11 1" />
    <Face vertices="3 1 5" />
    <Face vertices="3 24 11" />
    <Face vertices="27 36 34" />
    <Face vertices="27 34 25" />
    <Face vertices="27 17 22" />
    <Face vertices="27 25 17" />
    <Face vertices="31 32 36" />
    <Face vertices="31 18 32" />
    <Face vertices="2 10 6" />
    <Face vertices="2 0 10" />
    <Face vertices="2 6 4" />
    <Face vertices="2 4 0" />
    <Face vertices="14 6 10" />
    <Face vertices="14 35 6" />
    <Face vertices="14 20 35" />
    <Face vertices="14 17 20" />
    <Face vertices="14 10 17" />
    <Face vertices="23 22 12" />
    <Face vertices="23 12 11" />
    <Face vertices="23 27 22" />
    <Face vertices="33 36 32" />
    <Face vertices="33 26 36" />
    <Face vertices="33 32 18" />
    <Face vertices="33 18 24" />
    <Face vertices="33 24 26" />
    <Face vertices="30 31 36" />
    <Face vertices="30 36 29" />
    <Face vertices="28 36 27" />
    <Face vertices="28 29 36" />
    <Face vertices="28 23 29" />
    <Face vertices="28 27 23" />
    <Face vertices="13 5 4" />
    <Face vertices="13 26 5" />
    <Face vertices="13 36 26" />
    <Face vertices="13 8 36" />
    <Face vertices="13 4 8" />
    <Face vertices="7 24 3" />
    <Face vertices="7 26 24" />
    <Face vertices="7 3 5" />
    <Face vertices="15 23 11" />
    <Face vertices="15 29 23" />
    <Face vertices="9 7 5" />
    <Face vertices="9 26 7" />
    <Face vertices="9 5 26" />
    <Face vertices="21 20 25" />
    <Face vertices="21 25 34" />
    <Face vertices="21 35 20" />
    <Face vertices="21 34 35" />
    <Face vertices="16 15 11" />
    <Face vertices="16 11 18" />
    <Face vertices="19 31 30" />
    <Face vertices="19 18 31" />
    <Face vertices="19 30 29" />
    <Face vertices="19 15 16" />
    <Face vertices="19 29 15" />
    <Face vertices="19 16 18" />
  </ConvexHull>
  <ConvexHull>
    <!-- num vertices: 49 -->
    <!-- num faces:    94 -->
    <!-- max valence:  16 -->
    <!-- lower corner: -1.067652 -2.179 -0.08 -->
    <!-- upper corner: -0.345284 -1.362267 0.75 -->
    <Vertex position="-1.025 -2.179 -0.08" neighbors="1 21 2 6 7" />
    <Vertex position="-0.374204 -2.179 -0.08" neighbors="0 21 2 5 20 16 3 22 9" />
    <Vertex position="-1.025 -1.91 -0.08" neighbors="0 1 5 6 10 4" />
    <Vertex position="-0.375 -1.91 -0.08" neighbors="11 17 5 1 9" />
    <Vertex position="-1.005 -1.89 -0.08" neighbors="10 5 2" />
    <Vertex position="-0.395 -1.89 -0.08" neighbors="1 2 11 10 3 4" />
    <Vertex position="-1.067329 -1.901929 0.344571" neighbors="2 0 10 14 7 8" />
    <Vertex position="-1.067652 -1.953814 0.36515" neighbors="6 0 21 8" />
    <Vertex position="-1.066452 -1.908008 0.39103" neighbors="14 6 32 30 7 21" />
    <Vertex position="-0.35 -1.6625 0.4681" neighbors="3 17 16 1" />
    <Vertex position="-1.000208 -1.437001 0.478938" neighbors="11 5 6 14 2 4 12 23" />
    <Vertex position="-0.400023 -1.435628 0.480632" neighbors="10 5 17 19 15 3 24 23 13" />
    <Vertex position="-0.989496 -1.417033 0.546227" neighbors="10 14 42 23" />
    <Vertex position="-0.42 -1.415 0.5531" neighbors="24 15 11" />
    <Vertex position="-0.99838 -1.419387 0.559608" neighbors="6 10 40 38 34 32 42 36 12 8" />
    <Vertex position="-0.406332 -1.417011 0.560432" neighbors="19 11 45 24 43 41 13" />
    <Vertex position="-0.345284 -1.948245 0.574891" neighbors="20 1 29 31 17 9 18" />
    <Vertex position="-0.35 -1.554571 0.5881" neighbors="11 19 3 9 16 18" />
    <Vertex position="-0.35017 -1.553277 0.5931" neighbors="16 17 31 35 33 19" />
    <Vertex position="-0.388165 -1.446478 0.600204" neighbors="11 17 15 41 39 35 37 18" />
    <Vertex position="-0.401801 -2.179 0.613349" neighbors="16 1 27 26 48 28 22 29" />
    <Vertex position="-1.03321 -2.179 0.613567" neighbors="1 0 47 25 46 48 22 30 7 8" />
    <Vertex position="-0.7 -2.179 0.625913" neighbors="1 20 21 48" />
    <Vertex position="-0.73371 -1.362267 0.7281" neighbors="24 11 10 12 44 42" />
    <Vertex position="-0.66629 -1.362267 0.7281" neighbors="15 45 44 23 11 13" />
    <Vertex position="-0.943676 -1.902407 0.75" neighbors="21 47 46" />
    <Vertex position="-0.456324 -1.902407 0.75" neighbors="20 27 28" />
    <Vertex position="-0.566631 -1.98255 0.75" neighbors="20 26 48 28" />
    <Vertex position="-0.405382 -1.814173 0.75" neighbors="26 20 27 48 29" />
    <Vertex position="-0.384547 -1.750052 0.75" neighbors="16 31 20 48 28" />
    <Vertex position="-1.0225 -1.683 0.75" neighbors="47 32 21 8" />
    <Vertex position="-0.3775 -1.683 0.75" neighbors="48 33 16 29 18" />
    <Vertex position="-1.015453 -1.615948 0.75" neighbors="14 34 47 30 8" />
    <Vertex position="-0.384547 -1.615948 0.75" neighbors="35 48 31 18" />
    <Vertex position="-0.994618 -1.551827 0.75" neighbors="14 32 47 36" />
    <Vertex position="-0.405382 -1.551827 0.75" neighbors="33 48 37 19 18" />
    <Vertex position="-0.960908 -1.493439 0.75" neighbors="14 34 38 47" />
    <Vertex position="-0.439092 -1.493439 0.75" neighbors="35 19 39 48" />
    <Vertex position="-0.915795 -1.443336 0.75" neighbors="14 40 47 36" />
    <Vertex position="-0.484205 -1.443336 0.75" neighbors="48 41 19 37" />
    <Vertex position="-0.86125 -1.403707 0.75" neighbors="14 38 47 42" />
    <Vertex position="-0.53875 -1.403707 0.75" neighbors="43 48 39 15 19" />
    <Vertex position="-0.799658 -1.376284 0.75" neighbors="14 40 47 44 12 23" />
    <Vertex position="-0.600342 -1.376284 0.75" neighbors="48 45 15 41" />
    <Vertex position="-0.73371 -1.362267 0.75" neighbors="47 42 45 24 23" />
    <Vertex position="-0.66629 -1.362267 0.75" neighbors="48 43 47 44 15 24" />
    <Vertex position="-0.833369 -1.98255 0.75" neighbors="25 21 48 47" />
    <Vertex position="-1.01185 -1.784326 0.75" neighbors="21 25 38 40 32 34 46 48 30 42 44 45 36" />
    <Vertex position="-0.7 -2.010899 0.75" neighbors="27 20 28 21 46 47 22 45 43 41 39 35 33 31 37 29" />
    <Face vertices="0 1 21" />
    <Face vertices="0 2 1" />
    <Face vertices="5 1 2" />
    <Face vertices="6 2 0" />
    <Face vertices="16 20 1" />
    <Face vertices="10 11 5" />
    <Face vertices="10 6 14" />
    <Face vertices="10 2 6" />
    <Face vertices="17 11 19" />
    <Face vertices="47 21 25" />
    <Face vertices="15 19 11" />
    <Face vertices="3 11 17" />
    <Face vertices="3 5 11" />
    <Face vertices="3 1 5" />
    <Face vertices="4 10 5" />
    <Face vertices="4 2 10" />
    <Face vertices="4 5 2" />
    <Face vertices="40 14 38" />
    <Face vertices="40 38 47" />
    <Face vertices="34 14 32" />
    <Face vertices="34 32 47" />
    <Face vertices="27 20 26" />
    <Face vertices="27 48 20" />
    <Face vertices="28 26 20" />
    <Face vertices="28 27 26" />
    <Face vertices="28 48 27" />
    <Face vertices="46 25 21" />
    <Face vertices="46 21 48" />
    <Face vertices="46 47 25" />
    <Face vertices="46 48 47" />
    <Face vertices="22 1 20" />
    <Face vertices="22 21 1" />
    <Face vertices="22 48 21" />
    <Face vertices="22 20 48" />
    <Face vertices="30 47 32" />
    <Face vertices="30 21 47" />
    <Face vertices="7 6 0" />
    <Face vertices="7 0 21" />
    <Face vertices="42 14 40" />
    <Face vertices="42 40 47" />
    <Face vertices="42 47 44" />
    <Face vertices="45 48 43" />
    <Face vertices="45 47 48" />
    <Face vertices="45 44 47" />
    <Face vertices="45 15 24" />
    <Face vertices="45 43 15" />
    <Face vertices="45 24 44" />
    <Face vertices="41 43 48" />
    <Face vertices="41 48 39" />
    <Face vertices="41 15 43" />
    <Face vertices="41 19 15" />
    <Face vertices="41 39 19" />
    <Face vertices="33 35 48" />
    <Face vertices="33 48 31" />
    <Face vertices="36 14 34" />
    <Face vertices="36 38 14" />
    <Face vertices="36 34 47" />
    <Face vertices="36 47 38" />
    <Face vertices="37 35 19" />
    <Face vertices="37 19 39" />
    <Face vertices="37 48 35" />
    <Face vertices="37 39 48" />
    <Face vertices="29 16 31" />
    <Face vertices="29 20 16" />
    <Face vertices="29 48 28" />
    <Face vertices="29 31 48" />
    <Face vertices="29 28 20" />
    <Face vertices="12 10 14" />
    <Face vertices="12 14 42" />
    <Face vertices="23 24 11" />
    <Face vertices="23 11 10" />
    <Face vertices="23 10 12" />
    <Face vertices="23 44 24" />
    <Face vertices="23 12 42" />
    <Face vertices="23 42 44" />
    <Face vertices="9 3 17" />
    <Face vertices="9 17 16" />
    <Face vertices="9 1 3" />
    <Face vertices="9 16 1" />
    <Face vertices="8 14 6" />
    <Face vertices="8 32 14" />
    <Face vertices="8 30 32" />
    <Face vertices="8 6 7" />
    <Face vertices="8 7 21" />
    <Face vertices="8 21 30" />
    <Face vertices="13 24 15" />
    <Face vertices="13 11 24" />
    <Face vertices="13 15 11" />
    <Face vertices="18 16 17" />
    <Face vertices="18 31 16" />
    <Face vertices="18 35 33" />
    <Face vertices="18 19 35" />
    <Face vertices="18 17 19" />
    <Face vertices="18 33 31" />
  </ConvexHull>
</CollisionModel>