﻿<?xml version="1.0" encoding="utf-8"?>
<CollisionModel version="1.0" xmlns="urn:abb-robotics-collisionmodel">
  <!-- Max outside tolerance = 0.005 -->
  <!-- Max inside tolerance  = 0.0005 -->
  <ConvexHull>
    <!-- num vertices: 27 -->
    <!-- num faces:    50 -->
    <!-- max valence:  8 -->
    <!-- lower corner: 0.552349 -2.179765 -0.08 -->
    <!-- upper corner: 1.087685 -1.302101 2.842 -->
    <Vertex position="0.917633 -1.844468 -0.08" neighbors="3 1 11 15 13" />
    <Vertex position="1.077633 -1.844468 -0.08" neighbors="7 3 0 5 19 2 11" />
    <Vertex position="1.087633 -1.834468 -0.08" neighbors="19 1 25 5" />
    <Vertex position="0.792633 -1.719468 -0.08" neighbors="7 1 6 0 4 12 16 15" />
    <Vertex position="0.792633 -1.569468 -0.08" neighbors="12 17 3 6" />
    <Vertex position="1.087685 -1.453874 -0.08" neighbors="1 7 23 25 2" />
    <Vertex position="0.917633 -1.444468 -0.08" neighbors="7 3 4 17 8" />
    <Vertex position="1.077633 -1.444468 -0.08" neighbors="3 1 6 23 9 8 5 10" />
    <Vertex position="0.679226 -1.302308 1.945144" neighbors="6 17 7 10 14" />
    <Vertex position="0.817644 -1.307468 1.999186" neighbors="23 7 21 10" />
    <Vertex position="0.765284 -1.302101 2.00876" neighbors="21 9 7 8 14" />
    <Vertex position="0.696196 -2.175468 2.018312" neighbors="0 1 19 18 13" />
    <Vertex position="0.552349 -1.644468 2.020956" neighbors="17 24 26 4 3 16" />
    <Vertex position="0.673862 -2.175468 2.02225" neighbors="11 18 0 15" />
    <Vertex position="0.618378 -1.302468 2.033008" neighbors="8 17 21 10" />
    <Vertex position="0.66757 -2.175468 2.036548" neighbors="3 0 16 18 13" />
    <Vertex position="0.567395 -1.97662 2.040707" neighbors="12 3 26 18 15" />
    <Vertex position="0.567611 -1.307544 2.04099" neighbors="12 24 4 6 8 22 21 14" />
    <Vertex position="0.66893 -2.178715 2.049047" neighbors="16 26 20 19 11 15 13" />
    <Vertex position="0.710301 -2.179765 2.058446" neighbors="25 26 2 1 20 18 11" />
    <Vertex position="0.679689 -2.177409 2.061766" neighbors="19 26 18" />
    <Vertex position="0.71088 -1.302395 2.129416" neighbors="9 23 22 17 10 14" />
    <Vertex position="0.919013 -1.548891 2.803958" neighbors="17 24 21 23" />
    <Vertex position="1.077623 -1.569579 2.842" neighbors="24 25 9 7 21 5 22" />
    <Vertex position="0.928627 -1.570229 2.842" neighbors="12 17 23 25 26 22" />
    <Vertex position="1.077623 -1.719357 2.842" neighbors="24 23 26 19 5 2" />
    <Vertex position="0.928626 -1.718701 2.842" neighbors="25 24 12 16 18 19 20" />
    <Face vertices="3 7 1" />
    <Face vertices="17 12 24" />
    <Face vertices="6 7 3" />
    <Face vertices="23 24 25" />
    <Face vertices="26 25 24" />
    <Face vertices="26 24 12" />
    <Face vertices="0 3 1" />
    <Face vertices="4 12 17" />
    <Face vertices="4 3 12" />
    <Face vertices="4 6 3" />
    <Face vertices="4 17 6" />
    <Face vertices="16 12 3" />
    <Face vertices="16 26 12" />
    <Face vertices="16 18 26" />
    <Face vertices="9 23 7" />
    <Face vertices="9 21 23" />
    <Face vertices="19 25 26" />
    <Face vertices="8 6 17" />
    <Face vertices="8 7 6" />
    <Face vertices="5 1 7" />
    <Face vertices="5 23 25" />
    <Face vertices="5 7 23" />
    <Face vertices="2 19 1" />
    <Face vertices="2 25 19" />
    <Face vertices="2 5 25" />
    <Face vertices="2 1 5" />
    <Face vertices="22 17 24" />
    <Face vertices="22 21 17" />
    <Face vertices="22 23 21" />
    <Face vertices="22 24 23" />
    <Face vertices="20 19 26" />
    <Face vertices="20 18 19" />
    <Face vertices="20 26 18" />
    <Face vertices="10 21 9" />
    <Face vertices="10 7 8" />
    <Face vertices="10 9 7" />
    <Face vertices="14 8 17" />
    <Face vertices="14 17 21" />
    <Face vertices="14 10 8" />
    <Face vertices="14 21 10" />
    <Face vertices="11 0 1" />
    <Face vertices="11 19 18" />
    <Face vertices="11 1 19" />
    <Face vertices="15 3 0" />
    <Face vertices="15 16 3" />
    <Face vertices="15 18 16" />
    <Face vertices="13 11 18" />
    <Face vertices="13 0 11" />
    <Face vertices="13 15 0" />
    <Face vertices="13 18 15" />
  </ConvexHull>
</CollisionModel>